{M6OC	32.84927804165474
$K]1-Km	45.988989258316636
T 19 14 	52.55884486664758
h1i-5v	39.41913364998569
+-ME	26.27942243332379
SG@	19.709566824992844
W-<t	26.27942243332379
,-w.4	32.84927804165474
Nh5E	23.8167852415475
Uii	17.101319154423276
AXBVKA	28.202638308846552
Ca[bC{!Wb@	65.69855608330948
1,<= (	39.41913364998569
^51.15-<_E	65.69855608330948
[Crg%	32.84927804165474
(L@MW	32.84927804165474
W$-R	26.27942243332379
CBR'1	32.84927804165474
GKZ7&^%$#@%@12345678	131.39711216661897
Ca[bC{!Wb@	65.69855608330948
+-ME	26.27942243332379
Uii	17.101319154423276
%AVC@E	39.41913364998569
<@FEb	32.84927804165474
^g|A.g	39.41913364998569
[Cn5X	32.84927804165474
Nh5E	23.8167852415475
.R,<V.	39.41913364998569
KLwYRK)|V	59.12870047497853
Create@ANIMO!@#$%.google	157.67653459994276
DCNBOq	34.20263830884655
KL=Wr[xOG	59.12870047497853
00vV0	29.770981551934376
WK/MOA M	52.55884486664758
DCNBOq	34.20263830884655
00vV0	29.770981551934376
)K/*01@*	52.55884486664758
wpHL.<G<	52.55884486664758
@KK</	32.84927804165474
D#2!5L82$	59.12870047497853
c++@@L	39.41913364998569
I)F	19.709566824992844
@nX.S	32.84927804165474
L!0&16*t	52.55884486664758
OP#	19.709566824992844
V%eno	32.84927804165474
u1F	17.862588931160623
@B$%w	32.84927804165474
OP#	19.709566824992844
H#D@!U	39.41913364998569
K#J&LK*FJ)	65.69855608330948
~<W;	26.27942243332379
D1WR@TC%	52.55884486664758
N@P$5L	39.41913364998569
sn3go7j@07	65.69855608330948
too hard	52.55884486664758
c++@@B	39.41913364998569
I do not remember even the smallest detail.	282.50379115823074
tIGH\	32.84927804165474
N+P%@j	39.41913364998569
Js@3#(%(g	59.12870047497853
;C=(gX-s*	59.12870047497853
.OwyJp	39.41913364998569
1b@bJB	39.41913364998569
kry6b	25.84962500721156
Cg(=;[YK	52.55884486664758
V@WC<	32.84927804165474
7Qd0d57.X5@	72.26841169164042
_}G1E	32.84927804165474
.O^RN}ME	52.55884486664758
M 20 45	45.988989258316636
nl++f1	39.41913364998569
CCw+EW	39.41913364998569
+.GC!	32.84927804165474
;<taw	32.84927804165474
5@1.	26.27942243332379
g1t(va1K	52.55884486664758
HCNN6	25.84962500721156
+NMCX	32.84927804165474
B!z@bCB	45.988989258316636
V8h--D	39.41913364998569
QL-E|C-E	52.55884486664758
H]!gV	32.84927804165474
AZOKEW	28.202638308846552
1-RLW	32.84927804165474
1b@b[B	39.41913364998569
Amazon.@{}!@#$%^&*&>CFOR CREATE 	210.23537946659033
B!z@bCB	45.988989258316636
Qw%L	26.27942243332379
K54	15.509775004326936
L8q%%D	39.41913364998569
^C]@E	32.84927804165474
Q=%EC.%E	52.55884486664758
K]O5.	32.84927804165474
g1t(va1	45.988989258316636
@!_CR	32.84927804165474
$VWOq	32.84927804165474
Create@Amazon.!@#$%.girafff	177.3861014249356
{BybC	32.84927804165474
$VWOq	32.84927804165474
K05KO	25.84962500721156
WKL{!	32.84927804165474
{Bybc	32.84927804165474
K05KO	25.84962500721156
)K1{!	32.84927804165474
@yDD	26.27942243332379
x\/Cxt	39.41913364998569
J7WS&2A!2	59.12870047497853
c;PgtLF	45.988989258316636
B)@R+	32.84927804165474
0nv321	31.019550008653873
L!0&16*t	52.55884486664758
7R;6	26.27942243332379
W6grh	29.770981551934376
B1wj/	32.84927804165474
+L6	19.709566824992844
7R;6	26.27942243332379
KJ@#?	32.84927804165474
A^D)H@#S*	59.12870047497853
C<T""3~	45.988989258316636
AP!G7X9#D	59.12870047497853
155hMORE	47.633570483095
ni@609nfe	59.12870047497853
too hard	52.55884486664758
c;Pf+VF	45.988989258316636
HGTp>G>	45.988989258316636
cHEETE	34.20263830884655
1@@hMORE	52.55884486664758
9fo$?@L3*	59.12870047497853
tC(j=*”s”i	65.69855608330948
swVwcCswt	51.303957463269825
cBR'7	32.84927804165474
fsd5y4	31.019550008653873
tC(=j$&”	52.55884486664758
VL@<F;	39.41913364998569
1Q9015H.d2^@	78.83826729997138
